Place,Address
Al Aman,Al Aman Abu Dhabi 
Al Dhafrah,Al Dhafrah Abu Dhabi
Al Falah,Al Falah Abu Dhabi
Al Karama,Al Karama Abu Dhabi
Al Khubeirah,Al Khubeirah Abu Dhabi
Al Lulu Island,Al Lulu Island Abu Dhabi
Al Madina,Al Madina Abu Dhabi
Al Maryah Island,Al Maryah Island Abu Dhabi
Al Manhal,Al Manhal Abu Dhabi
Al Maqtaa,Al Maqtaa Abu Dhabi
Al Markaziyah,Al Markaziyah Abu Dhabi
Al Meena,Al Mina Abu Dhabi
Al Mushrif,Al Mushrif Abu Dhabi
Al Nahyan,Al Nahyan Abu Dhabi
Al Reef,Al Reef Abu Dhabi
Al Reem Island,Al Reem Island Abu Dhabi
Al Rowdah,Al Rowdah Abu Dhabi
Al Shamkha,Al Shamkha Abu Dhabi
Bani Yas,Bani Yas Abu Dhabi
Al Zahiyah,Al Zahiyah Abu Dhabi
Al Zahraa,Al Zahraa Abu Dhabi
Al Khalidyah,Al Khalidiya Abu Dhabi
Bain Al Jisrain,Bain Al Jisrain Abu Dhabi
Hudayriat,Hudayriat Abu Dhabi
Khalifa City,Khalifa City Abu Dhabi
Masdar City,Masdar City Abu Dhabi
Mohammed Bin Zayed City,Mohammed Bin Zayed City Abu Dhabi
Saadiyat Island,Saadiyat Island Abu Dhabi
Shakhbout City,Shakhbout City Abu Dhabi
Officers City,Officers City Abu Dhabi
Qasr El Bahr,Qasr El Bahr Abu Dhabi
Yas Island,Yas Island Abu Dhabi
